Scenario,System,avg,std
Deep100,ChaseGQR,538.9333333333333,27.141077635902697
Deep100,Rapid,774.4666666666667,20.25504052493272
StockExchange,ChaseGQR,1548.2666666666667,1690.8831786405365
StockExchange,Rapid,749.0,47.15173076659769
University,ChaseGQR,981.7333333333333,634.0783487716266
University,Rapid,786.9333333333333,78.13675435384032
